[{"pk": 1, "model": "ztl.ztl", "fields": {"ordinamento": 1, "descrizione": "Centro Storico (diurna)"}}, {"pk": 2, "model": "ztl.ztl", "fields": {"ordinamento": 2, "descrizione": "Centro Storico (notturna)"}}, {"pk": 3, "model": "ztl.ztl", "fields": {"ordinamento": 3, "descrizione": "Rione Monti"}}, {"pk": 4, "model": "ztl.ztl", "fields": {"ordinamento": 4, "descrizione": "San Lorenzo"}}, {"pk": 5, "model": "ztl.ztl", "fields": {"ordinamento": 5, "descrizione": "Testaccio"}}, {"pk": 6, "model": "ztl.ztl", "fields": {"ordinamento": 6, "descrizione": "Trastevere (diurna)"}}, {"pk": 7, "model": "ztl.ztl", "fields": {"ordinamento": 7, "descrizione": "Trastevere (notturna)"}}, {"pk": 1, "model": "ztl.varco", "fields": {"ztl": 1, "ordinamento": 1, "descrizione": "Ferdinando di Savoia", "toponimo": "Ferdinando di Savoia"}}, {"pk": 2, "model": "ztl.varco", "fields": {"ztl": 1, "ordinamento": 2, "descrizione": "Passeggiata di Ripetta", "toponimo": "Passeggiata di Ripetta"}}, {"pk": 3, "model": "ztl.varco", "fields": {"ztl": 1, "ordinamento": 3, "descrizione": "Via Tomacelli", "toponimo": "Via Tomacelli"}}, {"pk": 4, "model": "ztl.varco", "fields": {"ztl": 1, "ordinamento": 4, "descrizione": "Via di Ripetta", "toponimo": "Via di Ripetta"}}, {"pk": 5, "model": "ztl.varco", "fields": {"ztl": 1, "ordinamento": 5, "descrizione": "Via Zanardelli", "toponimo": "Via Zanardelli"}}, {"pk": 6, "model": "ztl.varco", "fields": {"ztl": 1, "ordinamento": 6, "descrizione": "Via di Panico", "toponimo": "Via di Panico"}}, {"pk": 7, "model": "ztl.varco", "fields": {"ztl": 1, "ordinamento": 7, "descrizione": "Corso Vittorio Emanuele II", "toponimo": "Corso Vittorio Emanuele II"}}, {"pk": 8, "model": "ztl.varco", "fields": {"ztl": 1, "ordinamento": 8, "descrizione": "Largo dei Fiorentini", "toponimo": "Largo dei Fiorentini"}}, {"pk": 9, "model": "ztl.varco", "fields": {"ztl": 1, "ordinamento": 9, "descrizione": "Via Giulia", "toponimo": "Via Giulia"}}, {"pk": 10, "model": "ztl.varco", "fields": {"ztl": 1, "ordinamento": 10, "descrizione": "Via Arenula", "toponimo": "Via Arenula"}}, {"pk": 11, "model": "ztl.varco", "fields": {"ztl": 1, "ordinamento": 11, "descrizione": "Via Teatro Marcello", "toponimo": "Via Teatro Marcello"}}, {"pk": 12, "model": "ztl.varco", "fields": {"ztl": 1, "ordinamento": 12, "descrizione": "Via dei fori Imperiali", "toponimo": "Via dei fori Imperiali"}}, {"pk": 13, "model": "ztl.varco", "fields": {"ztl": 1, "ordinamento": 13, "descrizione": "Via dei Serpenti", "toponimo": "Via dei Serpenti"}}, {"pk": 14, "model": "ztl.varco", "fields": {"ztl": 1, "ordinamento": 14, "descrizione": "S. Maria Maggiore", "toponimo": "S. Maria Maggiore"}}, {"pk": 15, "model": "ztl.varco", "fields": {"ztl": 1, "ordinamento": 15, "descrizione": "Via Urbana", "toponimo": "Via Urbana"}}, {"pk": 16, "model": "ztl.varco", "fields": {"ztl": 1, "ordinamento": 16, "descrizione": "Via De Pretis", "toponimo": "Via De Pretis"}}, {"pk": 17, "model": "ztl.varco", "fields": {"ztl": 1, "ordinamento": 17, "descrizione": "Via Torino", "toponimo": "Via Torino"}}, {"pk": 18, "model": "ztl.varco", "fields": {"ztl": 1, "ordinamento": 18, "descrizione": "Via Nazionale", "toponimo": "Via Nazionale"}}, {"pk": 19, "model": "ztl.varco", "fields": {"ztl": 1, "ordinamento": 19, "descrizione": "Via XX Settembre", "toponimo": "Via XX Settembre"}}, {"pk": 20, "model": "ztl.varco", "fields": {"ztl": 1, "ordinamento": 20, "descrizione": "Via S. Basilio", "toponimo": "Via S. Basilio"}}, {"pk": 21, "model": "ztl.varco", "fields": {"ztl": 1, "ordinamento": 21, "descrizione": "Via Vittorio Veneto", "toponimo": "Via Vittorio Veneto"}}, {"pk": 22, "model": "ztl.varco", "fields": {"ztl": 1, "ordinamento": 22, "descrizione": "Via Crispi", "toponimo": "Via Crispi"}}, {"pk": 23, "model": "ztl.varco", "fields": {"ztl": 2, "ordinamento": 1, "descrizione": "Ferdinando di Savoia", "toponimo": "Ferdinando di Savoia"}}, {"pk": 24, "model": "ztl.varco", "fields": {"ztl": 2, "ordinamento": 2, "descrizione": "Passeggiata di Ripetta", "toponimo": "Passeggiata di Ripetta"}}, {"pk": 25, "model": "ztl.varco", "fields": {"ztl": 2, "ordinamento": 3, "descrizione": "Via Tomacelli", "toponimo": "Via Tomacelli"}}, {"pk": 26, "model": "ztl.varco", "fields": {"ztl": 2, "ordinamento": 4, "descrizione": "Via di Ripetta", "toponimo": "Via di Ripetta"}}, {"pk": 27, "model": "ztl.varco", "fields": {"ztl": 2, "ordinamento": 5, "descrizione": "Via Zanardelli", "toponimo": "Via Zanardelli"}}, {"pk": 28, "model": "ztl.varco", "fields": {"ztl": 2, "ordinamento": 6, "descrizione": "Via di Panico", "toponimo": "Via di Panico"}}, {"pk": 29, "model": "ztl.varco", "fields": {"ztl": 2, "ordinamento": 7, "descrizione": "Corso Vittorio Emanuele II", "toponimo": "Corso Vittorio Emanuele II"}}, {"pk": 30, "model": "ztl.varco", "fields": {"ztl": 2, "ordinamento": 8, "descrizione": "Largo dei Fiorentini", "toponimo": "Largo dei Fiorentini"}}, {"pk": 31, "model": "ztl.varco", "fields": {"ztl": 2, "ordinamento": 9, "descrizione": "Via S. Filippo Neri", "toponimo": "Via S. Filippo Neri"}}, {"pk": 32, "model": "ztl.varco", "fields": {"ztl": 2, "ordinamento": 10, "descrizione": "Via Giulia", "toponimo": "Via Giulia"}}, {"pk": 33, "model": "ztl.varco", "fields": {"ztl": 2, "ordinamento": 11, "descrizione": "Via Arenula", "toponimo": "Via Arenula"}}, {"pk": 34, "model": "ztl.varco", "fields": {"ztl": 2, "ordinamento": 12, "descrizione": "Via Crispi", "toponimo": "Via Crispi"}}, {"pk": 35, "model": "ztl.varco", "fields": {"ztl": 4, "ordinamento": 1, "descrizione": "Via di porta Labicana", "toponimo": "Via di porta Labicana"}}, {"pk": 36, "model": "ztl.varco", "fields": {"ztl": 4, "ordinamento": 2, "descrizione": "Via degli Ausoni", "toponimo": "Via degli Ausoni"}}, {"pk": 37, "model": "ztl.varco", "fields": {"ztl": 4, "ordinamento": 3, "descrizione": "Via dei Piceni", "toponimo": "Via dei Piceni"}}, {"pk": 38, "model": "ztl.varco", "fields": {"ztl": 4, "ordinamento": 4, "descrizione": "Via dei Volsci", "toponimo": "Via dei Volsci"}}, {"pk": 39, "model": "ztl.varco", "fields": {"ztl": 4, "ordinamento": 5, "descrizione": "Via dei Sardi", "toponimo": "Via dei Sardi"}}, {"pk": 40, "model": "ztl.varco", "fields": {"ztl": 4, "ordinamento": 6, "descrizione": "Via degli Umbri", "toponimo": "Via degli Umbri"}}, {"pk": 41, "model": "ztl.varco", "fields": {"ztl": 4, "ordinamento": 7, "descrizione": "Via degli Equi", "toponimo": "Via degli Equi"}}, {"pk": 42, "model": "ztl.varco", "fields": {"ztl": 3, "ordinamento": 1, "descrizione": "Via dei Serpenti", "toponimo": "Via dei Serpenti"}}, {"pk": 43, "model": "ztl.varco", "fields": {"ztl": 3, "ordinamento": 2, "descrizione": "S. Maria Maggiore", "toponimo": "S. Maria Maggiore"}}, {"pk": 44, "model": "ztl.varco", "fields": {"ztl": 3, "ordinamento": 3, "descrizione": "Via Urbana", "toponimo": "Via Urbana"}}, {"pk": 45, "model": "ztl.varco", "fields": {"ztl": 6, "ordinamento": 1, "descrizione": "Via Garibaldi", "toponimo": "Via Garibaldi"}}, {"pk": 46, "model": "ztl.varco", "fields": {"ztl": 6, "ordinamento": 2, "descrizione": "Via Morosini", "toponimo": "Via Morosini"}}, {"pk": 47, "model": "ztl.varco", "fields": {"ztl": 6, "ordinamento": 3, "descrizione": "Via Roma Libera", "toponimo": "Via Roma Libera"}}, {"pk": 48, "model": "ztl.varco", "fields": {"ztl": 6, "ordinamento": 4, "descrizione": "Via delle Fratte di Trastevere", "toponimo": "Via delle Fratte di Trastevere"}}, {"pk": 49, "model": "ztl.varco", "fields": {"ztl": 6, "ordinamento": 5, "descrizione": "Via Antonietti", "toponimo": "Via Antonietti"}}, {"pk": 50, "model": "ztl.varco", "fields": {"ztl": 6, "ordinamento": 6, "descrizione": "Piazza Trilussa", "toponimo": "Piazza Trilussa"}}, {"pk": 51, "model": "ztl.varco", "fields": {"ztl": 6, "ordinamento": 7, "descrizione": "Via Lungara", "toponimo": "Via Lungara"}}, {"pk": 52, "model": "ztl.varco", "fields": {"ztl": 6, "ordinamento": 8, "descrizione": "Via Cardinal Marmaggi", "toponimo": "Via Cardinal Marmaggi"}}, {"pk": 53, "model": "ztl.varco", "fields": {"ztl": 6, "ordinamento": 9, "descrizione": "Via Ripense", "toponimo": "Via Ripense"}}, {"pk": 54, "model": "ztl.varco", "fields": {"ztl": 6, "ordinamento": 10, "descrizione": "Via della Lungarina", "toponimo": "Via della Lungarina"}}, {"pk": 55, "model": "ztl.varco", "fields": {"ztl": 7, "ordinamento": 1, "descrizione": "Via Garibaldi", "toponimo": "Via Garibaldi"}}, {"pk": 56, "model": "ztl.varco", "fields": {"ztl": 7, "ordinamento": 2, "descrizione": "Via Morosini", "toponimo": "Via Morosini"}}, {"pk": 57, "model": "ztl.varco", "fields": {"ztl": 7, "ordinamento": 3, "descrizione": "Via Roma Libera", "toponimo": "Via Roma Libera"}}, {"pk": 58, "model": "ztl.varco", "fields": {"ztl": 7, "ordinamento": 4, "descrizione": "Via delle Fratte di Trastevere", "toponimo": "Via delle Fratte di Trastevere"}}, {"pk": 59, "model": "ztl.varco", "fields": {"ztl": 7, "ordinamento": 5, "descrizione": "Via Antonietti", "toponimo": "Via Antonietti"}}, {"pk": 60, "model": "ztl.varco", "fields": {"ztl": 7, "ordinamento": 6, "descrizione": "Piazza Trilussa", "toponimo": "Piazza Trilussa"}}, {"pk": 61, "model": "ztl.varco", "fields": {"ztl": 7, "ordinamento": 7, "descrizione": "Via Lungara", "toponimo": "Via Lungara"}}, {"pk": 62, "model": "ztl.varco", "fields": {"ztl": 7, "ordinamento": 8, "descrizione": "Via Cardinal Marmaggi", "toponimo": "Via Cardinal Marmaggi"}}, {"pk": 63, "model": "ztl.varco", "fields": {"ztl": 7, "ordinamento": 9, "descrizione": "Via Ripense", "toponimo": "Via Ripense"}}, {"pk": 64, "model": "ztl.varco", "fields": {"ztl": 7, "ordinamento": 10, "descrizione": "Via della Lungarina", "toponimo": "Via della Lungarina"}}, {"pk": 65, "model": "ztl.varco", "fields": {"ztl": 7, "ordinamento": 11, "descrizione": "Via del Porto", "toponimo": "Via del Porto"}}, {"pk": 66, "model": "ztl.varco", "fields": {"ztl": 7, "ordinamento": 12, "descrizione": "Via di San Michele", "toponimo": "Via di San Michele"}}, {"pk": 6, "model": "ztl.calendario", "fields": {"ztl": 1, "fine_domani": false, "ora_fine": "18:00:00", "giorno": 11, "ora_inizio": "06:30:00"}}, {"pk": 8, "model": "ztl.calendario", "fields": {"ztl": 1, "fine_domani": false, "ora_fine": "18:00:00", "giorno": 12, "ora_inizio": "06:30:00"}}, {"pk": 10, "model": "ztl.calendario", "fields": {"ztl": 1, "fine_domani": false, "ora_fine": "18:00:00", "giorno": 13, "ora_inizio": "06:30:00"}}, {"pk": 18, "model": "ztl.calendario", "fields": {"ztl": 6, "fine_domani": false, "ora_fine": "10:00:00", "giorno": 11, "ora_inizio": "06:30:00"}}, {"pk": 20, "model": "ztl.calendario", "fields": {"ztl": 6, "fine_domani": false, "ora_fine": "10:00:00", "giorno": 12, "ora_inizio": "06:30:00"}}, {"pk": 22, "model": "ztl.calendario", "fields": {"ztl": 6, "fine_domani": false, "ora_fine": "10:00:00", "giorno": 13, "ora_inizio": "06:30:00"}}, {"pk": 30, "model": "ztl.calendario", "fields": {"ztl": 7, "fine_domani": true, "ora_fine": "03:00:00", "giorno": 13, "ora_inizio": "21:30:00"}}, {"pk": 32, "model": "ztl.calendario", "fields": {"ztl": 7, "fine_domani": true, "ora_fine": "03:00:00", "giorno": 14, "ora_inizio": "21:30:00"}}, {"pk": 36, "model": "ztl.calendario", "fields": {"ztl": 5, "fine_domani": true, "ora_fine": "03:00:00", "giorno": 14, "ora_inizio": "23:00:00"}}, {"pk": 38, "model": "ztl.calendario", "fields": {"ztl": 5, "fine_domani": true, "ora_fine": "03:00:00", "giorno": 13, "ora_inizio": "23:00:00"}}, {"pk": 40, "model": "ztl.calendario", "fields": {"ztl": 1, "fine_domani": false, "ora_fine": "18:00:00", "giorno": 14, "ora_inizio": "14:00:00"}}, {"pk": 42, "model": "ztl.calendario", "fields": {"ztl": 2, "fine_domani": true, "ora_fine": "03:00:00", "giorno": 13, "ora_inizio": "23:00:00"}}, {"pk": 44, "model": "ztl.calendario", "fields": {"ztl": 2, "fine_domani": true, "ora_fine": "03:00:00", "giorno": 14, "ora_inizio": "23:00:00"}}, {"pk": 46, "model": "ztl.calendario", "fields": {"ztl": 6, "fine_domani": false, "ora_fine": "10:00:00", "giorno": 14, "ora_inizio": "06:30:00"}}, {"pk": 52, "model": "ztl.calendario", "fields": {"ztl": 4, "fine_domani": true, "ora_fine": "03:00:00", "giorno": 13, "ora_inizio": "21:30:00"}}, {"pk": 54, "model": "ztl.calendario", "fields": {"ztl": 4, "fine_domani": true, "ora_fine": "03:00:00", "giorno": 14, "ora_inizio": "21:30:00"}}, {"pk": 56, "model": "ztl.calendario", "fields": {"ztl": 3, "fine_domani": true, "ora_fine": "03:00:00", "giorno": 13, "ora_inizio": "23:00:00"}}, {"pk": 58, "model": "ztl.calendario", "fields": {"ztl": 3, "fine_domani": true, "ora_fine": "03:00:00", "giorno": 14, "ora_inizio": "23:00:00"}}, {"pk": 62, "model": "ztl.calendario", "fields": {"ztl": 6, "fine_domani": false, "ora_fine": "10:00:00", "giorno": 10, "ora_inizio": "06:30:00"}}, {"pk": 64, "model": "ztl.calendario", "fields": {"ztl": 1, "fine_domani": false, "ora_fine": "18:00:00", "giorno": 10, "ora_inizio": "06:30:00"}}, {"pk": 66, "model": "ztl.calendario", "fields": {"ztl": 1, "fine_domani": false, "ora_fine": "18:00:00", "giorno": 8, "ora_inizio": "14:00:00"}}, {"pk": 68, "model": "ztl.calendario", "fields": {"ztl": 1, "fine_domani": false, "ora_fine": "18:00:00", "giorno": 9, "ora_inizio": "06:30:00"}}, {"pk": 70, "model": "ztl.calendario", "fields": {"ztl": 6, "fine_domani": false, "ora_fine": "10:00:00", "giorno": 9, "ora_inizio": "06:30:00"}}, {"pk": 2, "model": "ztl.modificastraordinaria", "fields": {"ztl": 1, "fine_domani": false, "ora_fine": "23:59:00", "ora_inizio": "00:00:00", "attiva": false, "giorno": "2012-02-13"}}, {"pk": 4, "model": "ztl.modificastraordinaria", "fields": {"ztl": 6, "fine_domani": false, "ora_fine": "23:59:00", "ora_inizio": "00:00:00", "attiva": false, "giorno": "2012-02-13"}}, {"pk": 6, "model": "ztl.modificastraordinaria", "fields": {"ztl": 1, "fine_domani": false, "ora_fine": "23:59:00", "ora_inizio": "00:00:00", "attiva": false, "giorno": "2012-04-25"}}, {"pk": 8, "model": "ztl.modificastraordinaria", "fields": {"ztl": 1, "fine_domani": false, "ora_fine": "23:59:00", "ora_inizio": "00:00:00", "attiva": false, "giorno": "2012-05-01"}}, {"pk": 10, "model": "ztl.modificastraordinaria", "fields": {"ztl": 1, "fine_domani": false, "ora_fine": "23:59:00", "ora_inizio": "00:00:00", "attiva": false, "giorno": "2012-06-02"}}, {"pk": 12, "model": "ztl.modificastraordinaria", "fields": {"ztl": 2, "fine_domani": false, "ora_fine": "23:59:00", "ora_inizio": "00:00:00", "attiva": false, "giorno": "2012-06-02"}}, {"pk": 14, "model": "ztl.modificastraordinaria", "fields": {"ztl": 6, "fine_domani": false, "ora_fine": "23:59:00", "ora_inizio": "00:00:00", "attiva": false, "giorno": "2012-06-02"}}, {"pk": 16, "model": "ztl.modificastraordinaria", "fields": {"ztl": 7, "fine_domani": false, "ora_fine": "23:59:00", "ora_inizio": "00:00:00", "attiva": false, "giorno": "2012-06-02"}}, {"pk": 18, "model": "ztl.modificastraordinaria", "fields": {"ztl": 5, "fine_domani": false, "ora_fine": "23:59:00", "ora_inizio": "00:00:00", "attiva": false, "giorno": "2012-06-02"}}, {"pk": 20, "model": "ztl.modificastraordinaria", "fields": {"ztl": 4, "fine_domani": false, "ora_fine": "23:59:00", "ora_inizio": "00:00:00", "attiva": false, "giorno": "2012-06-02"}}, {"pk": 22, "model": "ztl.modificastraordinaria", "fields": {"ztl": 3, "fine_domani": false, "ora_fine": "23:59:00", "ora_inizio": "00:00:00", "attiva": false, "giorno": "2012-06-02"}}, {"pk": 30, "model": "ztl.modificastraordinaria", "fields": {"ztl": 1, "fine_domani": false, "ora_fine": "23:59:00", "ora_inizio": "00:00:00", "attiva": false, "giorno": "2012-06-22"}}, {"pk": 32, "model": "ztl.modificastraordinaria", "fields": {"ztl": 6, "fine_domani": false, "ora_fine": "23:59:00", "ora_inizio": "00:00:00", "attiva": false, "giorno": "2012-06-22"}}, {"pk": 38, "model": "ztl.modificastraordinaria", "fields": {"ztl": 1, "fine_domani": true, "ora_fine": "03:00:00", "ora_inizio": "18:00:00", "attiva": true, "giorno": "2012-07-01"}}, {"pk": 40, "model": "ztl.modificastraordinaria", "fields": {"ztl": 1, "fine_domani": false, "ora_fine": "23:59:00", "ora_inizio": "00:00:00", "attiva": false, "giorno": "2012-07-20"}}, {"pk": 42, "model": "ztl.modificastraordinaria", "fields": {"ztl": 6, "fine_domani": false, "ora_fine": "23:59:00", "ora_inizio": "00:00:00", "attiva": false, "giorno": "2012-07-20"}}, {"pk": 46, "model": "ztl.modificastraordinaria", "fields": {"ztl": 2, "fine_domani": false, "ora_fine": "23:59:00", "ora_inizio": "00:00:00", "attiva": false, "giorno": "2012-08-03"}}, {"pk": 48, "model": "ztl.modificastraordinaria", "fields": {"ztl": 2, "fine_domani": false, "ora_fine": "23:59:00", "ora_inizio": "00:00:00", "attiva": false, "giorno": "2012-08-04"}}, {"pk": 50, "model": "ztl.modificastraordinaria", "fields": {"ztl": 2, "fine_domani": false, "ora_fine": "23:59:00", "ora_inizio": "00:00:00", "attiva": false, "giorno": "2012-08-05"}}, {"pk": 52, "model": "ztl.modificastraordinaria", "fields": {"ztl": 2, "fine_domani": false, "ora_fine": "23:59:00", "ora_inizio": "00:00:00", "attiva": false, "giorno": "2012-08-10"}}, {"pk": 54, "model": "ztl.modificastraordinaria", "fields": {"ztl": 2, "fine_domani": false, "ora_fine": "23:59:00", "ora_inizio": "00:00:00", "attiva": false, "giorno": "2012-08-11"}}, {"pk": 56, "model": "ztl.modificastraordinaria", "fields": {"ztl": 2, "fine_domani": false, "ora_fine": "23:59:00", "ora_inizio": "00:00:00", "attiva": false, "giorno": "2012-08-12"}}, {"pk": 58, "model": "ztl.modificastraordinaria", "fields": {"ztl": 2, "fine_domani": false, "ora_fine": "23:59:00", "ora_inizio": "00:00:00", "attiva": false, "giorno": "2012-08-17"}}, {"pk": 60, "model": "ztl.modificastraordinaria", "fields": {"ztl": 2, "fine_domani": false, "ora_fine": "23:59:00", "ora_inizio": "00:00:00", "attiva": false, "giorno": "2012-08-18"}}, {"pk": 62, "model": "ztl.modificastraordinaria", "fields": {"ztl": 2, "fine_domani": false, "ora_fine": "23:59:00", "ora_inizio": "00:00:00", "attiva": false, "giorno": "2012-08-19"}}, {"pk": 64, "model": "ztl.modificastraordinaria", "fields": {"ztl": 2, "fine_domani": false, "ora_fine": "23:59:00", "ora_inizio": "00:00:00", "attiva": false, "giorno": "2012-08-24"}}, {"pk": 66, "model": "ztl.modificastraordinaria", "fields": {"ztl": 2, "fine_domani": false, "ora_fine": "23:59:00", "ora_inizio": "00:00:00", "attiva": false, "giorno": "2012-08-25"}}, {"pk": 68, "model": "ztl.modificastraordinaria", "fields": {"ztl": 2, "fine_domani": false, "ora_fine": "23:59:00", "ora_inizio": "00:00:00", "attiva": false, "giorno": "2012-08-26"}}, {"pk": 72, "model": "ztl.modificastraordinaria", "fields": {"ztl": 3, "fine_domani": false, "ora_fine": "23:59:00", "ora_inizio": "00:00:00", "attiva": false, "giorno": "2012-08-03"}}, {"pk": 74, "model": "ztl.modificastraordinaria", "fields": {"ztl": 3, "fine_domani": true, "ora_fine": "23:59:00", "ora_inizio": "00:00:00", "attiva": false, "giorno": "2012-08-04"}}, {"pk": 76, "model": "ztl.modificastraordinaria", "fields": {"ztl": 3, "fine_domani": false, "ora_fine": "23:59:00", "ora_inizio": "00:00:00", "attiva": false, "giorno": "2012-08-10"}}, {"pk": 78, "model": "ztl.modificastraordinaria", "fields": {"ztl": 3, "fine_domani": true, "ora_fine": "23:59:00", "ora_inizio": "00:00:00", "attiva": false, "giorno": "2012-08-11"}}, {"pk": 80, "model": "ztl.modificastraordinaria", "fields": {"ztl": 3, "fine_domani": false, "ora_fine": "23:59:00", "ora_inizio": "00:00:00", "attiva": false, "giorno": "2012-08-17"}}, {"pk": 82, "model": "ztl.modificastraordinaria", "fields": {"ztl": 3, "fine_domani": true, "ora_fine": "23:59:00", "ora_inizio": "00:00:00", "attiva": false, "giorno": "2012-08-18"}}, {"pk": 84, "model": "ztl.modificastraordinaria", "fields": {"ztl": 3, "fine_domani": false, "ora_fine": "23:59:00", "ora_inizio": "00:00:00", "attiva": false, "giorno": "2012-08-24"}}, {"pk": 86, "model": "ztl.modificastraordinaria", "fields": {"ztl": 3, "fine_domani": true, "ora_fine": "23:59:00", "ora_inizio": "00:00:00", "attiva": false, "giorno": "2012-08-25"}}, {"pk": 90, "model": "ztl.modificastraordinaria", "fields": {"ztl": 4, "fine_domani": false, "ora_fine": "23:59:00", "ora_inizio": "00:00:00", "attiva": false, "giorno": "2012-08-01"}}, {"pk": 92, "model": "ztl.modificastraordinaria", "fields": {"ztl": 4, "fine_domani": false, "ora_fine": "23:59:00", "ora_inizio": "00:00:00", "attiva": false, "giorno": "2012-08-02"}}, {"pk": 94, "model": "ztl.modificastraordinaria", "fields": {"ztl": 4, "fine_domani": false, "ora_fine": "23:59:00", "ora_inizio": "00:00:00", "attiva": false, "giorno": "2012-08-03"}}, {"pk": 96, "model": "ztl.modificastraordinaria", "fields": {"ztl": 4, "fine_domani": true, "ora_fine": "23:59:00", "ora_inizio": "00:00:00", "attiva": false, "giorno": "2012-08-04"}}, {"pk": 98, "model": "ztl.modificastraordinaria", "fields": {"ztl": 4, "fine_domani": false, "ora_fine": "23:59:00", "ora_inizio": "00:00:00", "attiva": false, "giorno": "2012-08-08"}}, {"pk": 100, "model": "ztl.modificastraordinaria", "fields": {"ztl": 4, "fine_domani": false, "ora_fine": "23:59:00", "ora_inizio": "00:00:00", "attiva": false, "giorno": "2012-08-09"}}, {"pk": 102, "model": "ztl.modificastraordinaria", "fields": {"ztl": 4, "fine_domani": false, "ora_fine": "23:59:00", "ora_inizio": "00:00:00", "attiva": false, "giorno": "2012-08-10"}}, {"pk": 104, "model": "ztl.modificastraordinaria", "fields": {"ztl": 4, "fine_domani": true, "ora_fine": "23:59:00", "ora_inizio": "00:00:00", "attiva": false, "giorno": "2012-08-11"}}, {"pk": 106, "model": "ztl.modificastraordinaria", "fields": {"ztl": 4, "fine_domani": false, "ora_fine": "23:59:00", "ora_inizio": "00:00:00", "attiva": false, "giorno": "2012-08-15"}}, {"pk": 108, "model": "ztl.modificastraordinaria", "fields": {"ztl": 4, "fine_domani": false, "ora_fine": "23:59:00", "ora_inizio": "00:00:00", "attiva": false, "giorno": "2012-08-16"}}, {"pk": 110, "model": "ztl.modificastraordinaria", "fields": {"ztl": 4, "fine_domani": false, "ora_fine": "23:59:00", "ora_inizio": "00:00:00", "attiva": false, "giorno": "2012-08-17"}}, {"pk": 114, "model": "ztl.modificastraordinaria", "fields": {"ztl": 4, "fine_domani": true, "ora_fine": "23:59:00", "ora_inizio": "00:00:00", "attiva": false, "giorno": "2012-08-18"}}, {"pk": 116, "model": "ztl.modificastraordinaria", "fields": {"ztl": 4, "fine_domani": false, "ora_fine": "23:59:00", "ora_inizio": "00:00:00", "attiva": false, "giorno": "2012-08-22"}}, {"pk": 118, "model": "ztl.modificastraordinaria", "fields": {"ztl": 4, "fine_domani": false, "ora_fine": "23:59:00", "ora_inizio": "00:00:00", "attiva": false, "giorno": "2012-08-23"}}, {"pk": 120, "model": "ztl.modificastraordinaria", "fields": {"ztl": 4, "fine_domani": false, "ora_fine": "23:59:00", "ora_inizio": "00:00:00", "attiva": false, "giorno": "2012-08-24"}}, {"pk": 124, "model": "ztl.modificastraordinaria", "fields": {"ztl": 4, "fine_domani": false, "ora_fine": "23:59:00", "ora_inizio": "00:00:00", "attiva": false, "giorno": "2012-08-29"}}, {"pk": 126, "model": "ztl.modificastraordinaria", "fields": {"ztl": 4, "fine_domani": true, "ora_fine": "23:59:00", "ora_inizio": "00:00:00", "attiva": false, "giorno": "2012-08-25"}}, {"pk": 128, "model": "ztl.modificastraordinaria", "fields": {"ztl": 4, "fine_domani": false, "ora_fine": "23:59:00", "ora_inizio": "00:00:00", "attiva": false, "giorno": "2012-08-30"}}, {"pk": 134, "model": "ztl.modificastraordinaria", "fields": {"ztl": 5, "fine_domani": false, "ora_fine": "23:59:00", "ora_inizio": "00:00:00", "attiva": false, "giorno": "2012-08-03"}}, {"pk": 136, "model": "ztl.modificastraordinaria", "fields": {"ztl": 5, "fine_domani": true, "ora_fine": "23:59:00", "ora_inizio": "00:00:00", "attiva": false, "giorno": "2012-08-04"}}, {"pk": 138, "model": "ztl.modificastraordinaria", "fields": {"ztl": 5, "fine_domani": false, "ora_fine": "23:59:00", "ora_inizio": "00:00:00", "attiva": false, "giorno": "2012-08-10"}}, {"pk": 140, "model": "ztl.modificastraordinaria", "fields": {"ztl": 5, "fine_domani": true, "ora_fine": "23:59:00", "ora_inizio": "00:00:00", "attiva": false, "giorno": "2012-08-11"}}, {"pk": 142, "model": "ztl.modificastraordinaria", "fields": {"ztl": 5, "fine_domani": false, "ora_fine": "23:59:00", "ora_inizio": "00:00:00", "attiva": false, "giorno": "2012-08-17"}}, {"pk": 144, "model": "ztl.modificastraordinaria", "fields": {"ztl": 5, "fine_domani": true, "ora_fine": "23:59:00", "ora_inizio": "00:00:00", "attiva": false, "giorno": "2012-08-18"}}, {"pk": 146, "model": "ztl.modificastraordinaria", "fields": {"ztl": 5, "fine_domani": false, "ora_fine": "23:59:00", "ora_inizio": "00:00:00", "attiva": false, "giorno": "2012-08-24"}}, {"pk": 148, "model": "ztl.modificastraordinaria", "fields": {"ztl": 5, "fine_domani": true, "ora_fine": "23:59:00", "ora_inizio": "00:00:00", "attiva": false, "giorno": "2012-08-25"}}, {"pk": 152, "model": "ztl.modificastraordinaria", "fields": {"ztl": 7, "fine_domani": false, "ora_fine": "23:59:00", "ora_inizio": "00:00:00", "attiva": false, "giorno": "2012-08-01"}}, {"pk": 154, "model": "ztl.modificastraordinaria", "fields": {"ztl": 7, "fine_domani": false, "ora_fine": "23:59:00", "ora_inizio": "00:00:00", "attiva": false, "giorno": "2012-08-02"}}, {"pk": 156, "model": "ztl.modificastraordinaria", "fields": {"ztl": 7, "fine_domani": false, "ora_fine": "23:59:00", "ora_inizio": "00:00:00", "attiva": false, "giorno": "2012-08-03"}}, {"pk": 158, "model": "ztl.modificastraordinaria", "fields": {"ztl": 7, "fine_domani": true, "ora_fine": "23:59:00", "ora_inizio": "00:00:00", "attiva": false, "giorno": "2012-08-04"}}, {"pk": 160, "model": "ztl.modificastraordinaria", "fields": {"ztl": 7, "fine_domani": false, "ora_fine": "23:59:00", "ora_inizio": "00:00:00", "attiva": false, "giorno": "2012-08-08"}}, {"pk": 162, "model": "ztl.modificastraordinaria", "fields": {"ztl": 7, "fine_domani": false, "ora_fine": "23:59:00", "ora_inizio": "00:00:00", "attiva": false, "giorno": "2012-08-09"}}, {"pk": 164, "model": "ztl.modificastraordinaria", "fields": {"ztl": 7, "fine_domani": false, "ora_fine": "23:59:00", "ora_inizio": "00:00:00", "attiva": false, "giorno": "2012-08-10"}}, {"pk": 166, "model": "ztl.modificastraordinaria", "fields": {"ztl": 7, "fine_domani": true, "ora_fine": "23:59:00", "ora_inizio": "00:00:00", "attiva": false, "giorno": "2012-08-11"}}, {"pk": 168, "model": "ztl.modificastraordinaria", "fields": {"ztl": 7, "fine_domani": false, "ora_fine": "23:59:00", "ora_inizio": "00:00:00", "attiva": false, "giorno": "2012-08-15"}}, {"pk": 170, "model": "ztl.modificastraordinaria", "fields": {"ztl": 7, "fine_domani": false, "ora_fine": "23:59:00", "ora_inizio": "00:00:00", "attiva": false, "giorno": "2012-08-16"}}, {"pk": 172, "model": "ztl.modificastraordinaria", "fields": {"ztl": 7, "fine_domani": false, "ora_fine": "23:59:00", "ora_inizio": "00:00:00", "attiva": false, "giorno": "2012-08-17"}}, {"pk": 174, "model": "ztl.modificastraordinaria", "fields": {"ztl": 7, "fine_domani": true, "ora_fine": "23:59:00", "ora_inizio": "00:00:00", "attiva": false, "giorno": "2012-08-18"}}, {"pk": 176, "model": "ztl.modificastraordinaria", "fields": {"ztl": 7, "fine_domani": false, "ora_fine": "23:59:00", "ora_inizio": "00:00:00", "attiva": false, "giorno": "2012-08-22"}}, {"pk": 178, "model": "ztl.modificastraordinaria", "fields": {"ztl": 7, "fine_domani": false, "ora_fine": "23:59:00", "ora_inizio": "00:00:00", "attiva": false, "giorno": "2012-08-23"}}, {"pk": 180, "model": "ztl.modificastraordinaria", "fields": {"ztl": 7, "fine_domani": false, "ora_fine": "23:59:00", "ora_inizio": "00:00:00", "attiva": false, "giorno": "2012-08-24"}}, {"pk": 182, "model": "ztl.modificastraordinaria", "fields": {"ztl": 7, "fine_domani": true, "ora_fine": "23:59:00", "ora_inizio": "00:00:00", "attiva": false, "giorno": "2012-08-25"}}, {"pk": 184, "model": "ztl.modificastraordinaria", "fields": {"ztl": 7, "fine_domani": false, "ora_fine": "23:59:00", "ora_inizio": "00:00:00", "attiva": false, "giorno": "2012-08-29"}}, {"pk": 186, "model": "ztl.modificastraordinaria", "fields": {"ztl": 7, "fine_domani": false, "ora_fine": "23:59:00", "ora_inizio": "00:00:00", "attiva": false, "giorno": "2012-08-30"}}, {"pk": 192, "model": "ztl.modificastraordinaria", "fields": {"ztl": 2, "fine_domani": false, "ora_fine": "03:00:00", "ora_inizio": "23:00:00", "attiva": true, "giorno": "2012-09-14"}}, {"pk": 196, "model": "ztl.modificastraordinaria", "fields": {"ztl": 1, "fine_domani": false, "ora_fine": "23:59:00", "ora_inizio": "06:30:00", "attiva": true, "giorno": "2012-09-13"}}, {"pk": 198, "model": "ztl.modificastraordinaria", "fields": {"ztl": 1, "fine_domani": false, "ora_fine": "23:59:00", "ora_inizio": "00:00:00", "attiva": false, "giorno": "2012-11-01"}}, {"pk": 200, "model": "ztl.modificastraordinaria", "fields": {"ztl": 6, "fine_domani": false, "ora_fine": "23:59:00", "ora_inizio": "00:00:00", "attiva": false, "giorno": "2012-11-01"}}, {"pk": 202, "model": "ztl.modificastraordinaria", "fields": {"ztl": 1, "fine_domani": false, "ora_fine": "18:00:00", "ora_inizio": "14:00:00", "attiva": true, "giorno": "2012-12-09"}}, {"pk": 204, "model": "ztl.modificastraordinaria", "fields": {"ztl": 1, "fine_domani": false, "ora_fine": "18:00:00", "ora_inizio": "14:00:00", "attiva": true, "giorno": "2012-12-16"}}, {"pk": 206, "model": "ztl.modificastraordinaria", "fields": {"ztl": 1, "fine_domani": false, "ora_fine": "18:00:00", "ora_inizio": "14:00:00", "attiva": true, "giorno": "2012-12-23"}}, {"pk": 210, "model": "ztl.modificastraordinaria", "fields": {"ztl": 2, "fine_domani": false, "ora_fine": "00:00:00", "ora_inizio": "00:00:00", "attiva": true, "giorno": "2012-12-08"}}, {"pk": 212, "model": "ztl.modificastraordinaria", "fields": {"ztl": 2, "fine_domani": false, "ora_fine": "00:00:00", "ora_inizio": "00:00:00", "attiva": true, "giorno": "2012-12-09"}}, {"pk": 214, "model": "ztl.modificastraordinaria", "fields": {"ztl": 1, "fine_domani": false, "ora_fine": "20:00:00", "ora_inizio": "06:30:00", "attiva": true, "giorno": "2012-12-17"}}, {"pk": 216, "model": "ztl.modificastraordinaria", "fields": {"ztl": 1, "fine_domani": false, "ora_fine": "20:00:00", "ora_inizio": "06:30:00", "attiva": true, "giorno": "2012-12-18"}}, {"pk": 218, "model": "ztl.modificastraordinaria", "fields": {"ztl": 1, "fine_domani": false, "ora_fine": "20:00:00", "ora_inizio": "06:30:00", "attiva": true, "giorno": "2012-12-19"}}, {"pk": 224, "model": "ztl.modificastraordinaria", "fields": {"ztl": 1, "fine_domani": false, "ora_fine": "20:00:00", "ora_inizio": "06:30:00", "attiva": true, "giorno": "2012-12-22"}}, {"pk": 226, "model": "ztl.modificastraordinaria", "fields": {"ztl": 1, "fine_domani": false, "ora_fine": "20:00:00", "ora_inizio": "06:30:00", "attiva": true, "giorno": "2012-12-24"}}, {"pk": 230, "model": "ztl.modificastraordinaria", "fields": {"ztl": 6, "fine_domani": false, "ora_fine": "23:59:00", "ora_inizio": "00:00:00", "attiva": false, "giorno": "2012-12-25"}}, {"pk": 234, "model": "ztl.modificastraordinaria", "fields": {"ztl": 6, "fine_domani": false, "ora_fine": "23:59:00", "ora_inizio": "00:00:00", "attiva": false, "giorno": "2012-12-26"}}, {"pk": 238, "model": "ztl.modificastraordinaria", "fields": {"ztl": 1, "fine_domani": false, "ora_fine": "23:59:00", "ora_inizio": "00:00:00", "attiva": false, "giorno": "2013-01-25"}}, {"pk": 242, "model": "ztl.modificastraordinaria", "fields": {"ztl": 6, "fine_domani": false, "ora_fine": "23:59:00", "ora_inizio": "00:00:00", "attiva": false, "giorno": "2013-01-25"}}, {"pk": 246, "model": "ztl.modificastraordinaria", "fields": {"ztl": 6, "fine_domani": false, "ora_fine": "00:00:00", "ora_inizio": "00:00:00", "attiva": true, "giorno": "2013-03-19"}}, {"pk": 250, "model": "ztl.modificastraordinaria", "fields": {"ztl": 1, "fine_domani": false, "ora_fine": "00:00:00", "ora_inizio": "00:00:00", "attiva": true, "giorno": "2013-03-19"}}, {"pk": 260, "model": "ztl.modificastraordinaria", "fields": {"ztl": 2, "fine_domani": false, "ora_fine": "23:59:00", "ora_inizio": "00:00:00", "attiva": false, "giorno": "2013-03-31"}}, {"pk": 262, "model": "ztl.modificastraordinaria", "fields": {"ztl": 3, "fine_domani": false, "ora_fine": "23:59:00", "ora_inizio": "00:00:00", "attiva": false, "giorno": "2013-03-31"}}, {"pk": 276, "model": "ztl.modificastraordinaria", "fields": {"ztl": 4, "fine_domani": false, "ora_fine": "23:59:00", "ora_inizio": "00:00:00", "attiva": false, "giorno": "2013-03-31"}}, {"pk": 280, "model": "ztl.modificastraordinaria", "fields": {"ztl": 5, "fine_domani": false, "ora_fine": "23:59:00", "ora_inizio": "00:00:00", "attiva": false, "giorno": "2013-03-31"}}, {"pk": 284, "model": "ztl.modificastraordinaria", "fields": {"ztl": 2, "fine_domani": false, "ora_fine": "00:00:00", "ora_inizio": "23:00:00", "attiva": true, "giorno": "2013-03-30"}}, {"pk": 286, "model": "ztl.modificastraordinaria", "fields": {"ztl": 3, "fine_domani": false, "ora_fine": "00:00:00", "ora_inizio": "23:00:00", "attiva": true, "giorno": "2013-03-30"}}, {"pk": 288, "model": "ztl.modificastraordinaria", "fields": {"ztl": 4, "fine_domani": false, "ora_fine": "00:00:00", "ora_inizio": "21:30:00", "attiva": true, "giorno": "2013-03-30"}}, {"pk": 290, "model": "ztl.modificastraordinaria", "fields": {"ztl": 5, "fine_domani": false, "ora_fine": "00:00:00", "ora_inizio": "23:00:00", "attiva": true, "giorno": "2013-03-30"}}, {"pk": 292, "model": "ztl.modificastraordinaria", "fields": {"ztl": 7, "fine_domani": false, "ora_fine": "00:00:00", "ora_inizio": "21:30:00", "attiva": true, "giorno": "2013-03-30"}}, {"pk": 294, "model": "ztl.modificastraordinaria", "fields": {"ztl": 7, "fine_domani": false, "ora_fine": "23:59:00", "ora_inizio": "00:00:00", "attiva": false, "giorno": "2013-03-31"}}, {"pk": 296, "model": "ztl.modificastraordinaria", "fields": {"ztl": 1, "fine_domani": false, "ora_fine": "00:00:00", "ora_inizio": "00:00:00", "attiva": true, "giorno": "2013-04-01"}}, {"pk": 298, "model": "ztl.modificastraordinaria", "fields": {"ztl": 6, "fine_domani": false, "ora_fine": "00:00:00", "ora_inizio": "00:00:00", "attiva": true, "giorno": "2013-04-01"}}, {"pk": 300, "model": "ztl.modificastraordinaria", "fields": {"ztl": 1, "fine_domani": false, "ora_fine": "23:59:00", "ora_inizio": "00:00:00", "attiva": false, "giorno": "2013-04-19"}}, {"pk": 302, "model": "ztl.modificastraordinaria", "fields": {"ztl": 1, "fine_domani": false, "ora_fine": "23:59:00", "ora_inizio": "00:00:00", "attiva": false, "giorno": "2013-04-25"}}, {"pk": 304, "model": "ztl.modificastraordinaria", "fields": {"ztl": 6, "fine_domani": false, "ora_fine": "23:59:00", "ora_inizio": "00:00:00", "attiva": false, "giorno": "2013-04-25"}}, {"pk": 322, "model": "ztl.modificastraordinaria", "fields": {"ztl": 1, "fine_domani": false, "ora_fine": "23:59:00", "ora_inizio": "00:00:00", "attiva": false, "giorno": "2013-05-01"}}, {"pk": 324, "model": "ztl.modificastraordinaria", "fields": {"ztl": 6, "fine_domani": false, "ora_fine": "23:59:00", "ora_inizio": "00:00:00", "attiva": false, "giorno": "2013-05-01"}}, {"pk": 332, "model": "ztl.modificastraordinaria", "fields": {"ztl": 1, "fine_domani": true, "ora_fine": "03:00:00", "ora_inizio": "14:00:00", "attiva": true, "giorno": "2013-05-18"}}, {"pk": 336, "model": "ztl.modificastraordinaria", "fields": {"ztl": 1, "fine_domani": false, "ora_fine": "23:59:00", "ora_inizio": "00:00:00", "attiva": false, "giorno": "2013-05-24"}}, {"pk": 338, "model": "ztl.modificastraordinaria", "fields": {"ztl": 6, "fine_domani": false, "ora_fine": "23:59:00", "ora_inizio": "00:00:00", "attiva": false, "giorno": "2013-05-24"}}, {"pk": 340, "model": "ztl.modificastraordinaria", "fields": {"ztl": 1, "fine_domani": false, "ora_fine": "23:59:00", "ora_inizio": "00:00:00", "attiva": false, "giorno": "2013-06-03"}}, {"pk": 342, "model": "ztl.modificastraordinaria", "fields": {"ztl": 6, "fine_domani": false, "ora_fine": "23:59:00", "ora_inizio": "00:00:00", "attiva": false, "giorno": "2013-06-03"}}, {"pk": 344, "model": "ztl.modificastraordinaria", "fields": {"ztl": 1, "fine_domani": false, "ora_fine": "23:59:00", "ora_inizio": "00:00:00", "attiva": false, "giorno": "2013-06-14"}}, {"pk": 346, "model": "ztl.modificastraordinaria", "fields": {"ztl": 6, "fine_domani": false, "ora_fine": "23:59:00", "ora_inizio": "00:00:00", "attiva": false, "giorno": "2013-06-14"}}, {"pk": 348, "model": "ztl.modificastraordinaria", "fields": {"ztl": 1, "fine_domani": false, "ora_fine": "23:59:00", "ora_inizio": "00:00:00", "attiva": false, "giorno": "2013-06-29"}}, {"pk": 350, "model": "ztl.modificastraordinaria", "fields": {"ztl": 2, "fine_domani": false, "ora_fine": "23:59:00", "ora_inizio": "00:00:00", "attiva": false, "giorno": "2013-06-29"}}, {"pk": 352, "model": "ztl.modificastraordinaria", "fields": {"ztl": 3, "fine_domani": false, "ora_fine": "23:59:00", "ora_inizio": "00:00:00", "attiva": false, "giorno": "2013-06-29"}}, {"pk": 354, "model": "ztl.modificastraordinaria", "fields": {"ztl": 6, "fine_domani": false, "ora_fine": "23:59:00", "ora_inizio": "00:00:00", "attiva": false, "giorno": "2013-06-29"}}, {"pk": 356, "model": "ztl.modificastraordinaria", "fields": {"ztl": 1, "fine_domani": false, "ora_fine": "23:59:00", "ora_inizio": "00:00:00", "attiva": false, "giorno": "2013-08-17"}}, {"pk": 360, "model": "ztl.modificastraordinaria", "fields": {"ztl": 1, "fine_domani": false, "ora_fine": "23:59:00", "ora_inizio": "00:00:00", "attiva": false, "giorno": "2013-11-01"}}, {"pk": 362, "model": "ztl.modificastraordinaria", "fields": {"ztl": 2, "fine_domani": false, "ora_fine": "23:59:00", "ora_inizio": "00:00:00", "attiva": false, "giorno": "2013-11-01"}}, {"pk": 364, "model": "ztl.modificastraordinaria", "fields": {"ztl": 3, "fine_domani": false, "ora_fine": "23:59:00", "ora_inizio": "00:00:00", "attiva": false, "giorno": "2013-11-01"}}, {"pk": 366, "model": "ztl.modificastraordinaria", "fields": {"ztl": 5, "fine_domani": false, "ora_fine": "23:59:00", "ora_inizio": "00:00:00", "attiva": false, "giorno": "2013-11-01"}}, {"pk": 368, "model": "ztl.modificastraordinaria", "fields": {"ztl": 6, "fine_domani": false, "ora_fine": "23:59:00", "ora_inizio": "00:00:00", "attiva": false, "giorno": "2013-11-01"}}, {"pk": 376, "model": "ztl.modificastraordinaria", "fields": {"ztl": 1, "fine_domani": false, "ora_fine": "23:59:00", "ora_inizio": "00:00:00", "attiva": false, "giorno": "2013-11-13"}}, {"pk": 378, "model": "ztl.modificastraordinaria", "fields": {"ztl": 6, "fine_domani": false, "ora_fine": "23:59:00", "ora_inizio": "00:00:00", "attiva": false, "giorno": "2013-11-13"}}, {"pk": 380, "model": "ztl.modificastraordinaria", "fields": {"ztl": 1, "fine_domani": false, "ora_fine": "23:59:00", "ora_inizio": "00:00:00", "attiva": false, "giorno": "2013-12-16"}}, {"pk": 382, "model": "ztl.modificastraordinaria", "fields": {"ztl": 6, "fine_domani": false, "ora_fine": "23:59:00", "ora_inizio": "00:00:00", "attiva": false, "giorno": "2013-12-16"}}, {"pk": 384, "model": "ztl.modificastraordinaria", "fields": {"ztl": 1, "fine_domani": false, "ora_fine": "20:00:00", "ora_inizio": "06:30:00", "attiva": true, "giorno": "2013-12-17"}}, {"pk": 386, "model": "ztl.modificastraordinaria", "fields": {"ztl": 1, "fine_domani": false, "ora_fine": "20:00:00", "ora_inizio": "06:30:00", "attiva": true, "giorno": "2013-12-18"}}, {"pk": 388, "model": "ztl.modificastraordinaria", "fields": {"ztl": 1, "fine_domani": false, "ora_fine": "20:00:00", "ora_inizio": "06:30:00", "attiva": true, "giorno": "2013-12-19"}}, {"pk": 390, "model": "ztl.modificastraordinaria", "fields": {"ztl": 1, "fine_domani": false, "ora_fine": "20:00:00", "ora_inizio": "06:30:00", "attiva": true, "giorno": "2013-12-20"}}, {"pk": 392, "model": "ztl.modificastraordinaria", "fields": {"ztl": 1, "fine_domani": false, "ora_fine": "20:00:00", "ora_inizio": "06:30:00", "attiva": true, "giorno": "2013-12-21"}}, {"pk": 394, "model": "ztl.modificastraordinaria", "fields": {"ztl": 1, "fine_domani": false, "ora_fine": "18:00:00", "ora_inizio": "14:00:00", "attiva": true, "giorno": "2013-12-22"}}, {"pk": 396, "model": "ztl.modificastraordinaria", "fields": {"ztl": 1, "fine_domani": false, "ora_fine": "20:00:00", "ora_inizio": "06:30:00", "attiva": true, "giorno": "2013-12-23"}}, {"pk": 398, "model": "ztl.modificastraordinaria", "fields": {"ztl": 1, "fine_domani": false, "ora_fine": "20:00:00", "ora_inizio": "06:30:00", "attiva": true, "giorno": "2013-12-24"}}]