[{"pk": "en", "model": "servizi.lingua", "fields": {"descrizione": "English", "attiva": true}}, {"pk": "it", "model": "servizi.lingua", "fields": {"descrizione": "Italiano", "attiva": true}}, {"pk": 1, "model": "servizi.servizio", "fields": {"abilitato": "A", "nome": "percorso"}}, {"pk": 2, "model": "servizi.servizio", "fields": {"abilitato": "A", "nome": "paline"}}, {"pk": 3, "model": "servizi.servizio", "fields": {"abilitato": "0", "nome": "servizi"}}, {"pk": 4, "model": "servizi.servizio", "fields": {"abilitato": "", "nome": "autenticazione"}}, {"pk": 5, "model": "servizi.servizio", "fields": {"abilitato": "1", "nome": "lingua"}}, {"pk": 6, "model": "servizi.servizio", "fields": {"abilitato": "", "nome": "news"}}, {"pk": 7, "model": "servizi.servizio", "fields": {"abilitato": "", "nome": "parcheggi"}}, {"pk": 8, "model": "servizi.servizio", "fields": {"abilitato": "", "nome": "risorse"}}, {"pk": 9, "model": "servizi.servizio", "fields": {"abilitato": "", "nome": "lingue"}}, {"pk": 10, "model": "servizi.servizio", "fields": {"abilitato": "", "nome": "ztl"}}, {"pk": 11, "model": "servizi.servizio", "fields": {"abilitato": "1", "nome": "meteo"}}, {"pk": 12, "model": "servizi.servizio", "fields": {"abilitato": "A", "nome": "metro"}}, {"pk": 1, "model": "servizi.versione", "fields": {"servizio": 1, "log_risposte": false, "numero": 1, "attiva": true, "log_parametri": false, "log_invocazioni": true}}, {"pk": 2, "model": "servizi.versione", "fields": {"servizio": 2, "log_risposte": false, "numero": 7, "attiva": true, "log_parametri": false, "log_invocazioni": true}}, {"pk": 3, "model": "servizi.versione", "fields": {"servizio": 3, "log_risposte": false, "numero": 3, "attiva": true, "log_parametri": false, "log_invocazioni": true}}, {"pk": 4, "model": "servizi.versione", "fields": {"servizio": 4, "log_risposte": false, "numero": 1, "attiva": true, "log_parametri": false, "log_invocazioni": true}}, {"pk": 5, "model": "servizi.versione", "fields": {"servizio": 5, "log_risposte": false, "numero": 1, "attiva": true, "log_parametri": false, "log_invocazioni": true}}, {"pk": 6, "model": "servizi.versione", "fields": {"servizio": 6, "log_risposte": false, "numero": 2, "attiva": true, "log_parametri": false, "log_invocazioni": true}}, {"pk": 7, "model": "servizi.versione", "fields": {"servizio": 7, "log_risposte": false, "numero": 1, "attiva": true, "log_parametri": false, "log_invocazioni": true}}, {"pk": 8, "model": "servizi.versione", "fields": {"servizio": 8, "log_risposte": false, "numero": 1, "attiva": true, "log_parametri": false, "log_invocazioni": true}}, {"pk": 9, "model": "servizi.versione", "fields": {"servizio": 1, "log_risposte": false, "numero": 2, "attiva": true, "log_parametri": false, "log_invocazioni": true}}, {"pk": 10, "model": "servizi.versione", "fields": {"servizio": 9, "log_risposte": false, "numero": 1, "attiva": true, "log_parametri": false, "log_invocazioni": true}}, {"pk": 11, "model": "servizi.versione", "fields": {"servizio": 10, "log_risposte": false, "numero": 4, "attiva": true, "log_parametri": false, "log_invocazioni": true}}, {"pk": 1, "model": "servizi.serviziofrontend", "fields": {"nascosto": false, "attivo": true, "ordine": 2, "servizio": 2, "descrizione": "Cerca linea"}}, {"pk": 2, "model": "servizi.serviziofrontend", "fields": {"nascosto": false, "attivo": true, "ordine": 1, "servizio": 1, "descrizione": "Cerca percorso"}}, {"pk": 3, "model": "servizi.serviziofrontend", "fields": {"nascosto": false, "attivo": true, "ordine": 9, "servizio": 5, "descrizione": "Languages"}}, {"pk": 4, "model": "servizi.serviziofrontend", "fields": {"nascosto": false, "attivo": true, "ordine": 4, "servizio": 11, "descrizione": "Meteo"}}, {"pk": 5, "model": "servizi.serviziofrontend", "fields": {"nascosto": false, "attivo": true, "ordine": 3, "servizio": 12, "descrizione": "Metropolitana"}}, {"pk": 1, "model": "servizi.serviziolingua", "fields": {"nascosto": false, "attivo": true, "lingua": "it", "servizio": 1, "descrizione": "Cerca linea"}}, {"pk": 2, "model": "servizi.serviziolingua", "fields": {"nascosto": false, "attivo": true, "lingua": "it", "servizio": 2, "descrizione": "Cerca percorso"}}, {"pk": 3, "model": "servizi.serviziolingua", "fields": {"nascosto": false, "attivo": true, "lingua": "en", "servizio": 1, "descrizione": "Bus finder"}}, {"pk": 4, "model": "servizi.serviziolingua", "fields": {"nascosto": false, "attivo": true, "lingua": "en", "servizio": 2, "descrizione": "Route planner"}}, {"pk": 5, "model": "servizi.serviziolingua", "fields": {"nascosto": false, "attivo": true, "lingua": "it", "servizio": 3, "descrizione": "Languages"}}, {"pk": 6, "model": "servizi.serviziolingua", "fields": {"nascosto": false, "attivo": true, "lingua": "en", "servizio": 3, "descrizione": "Languages"}}, {"pk": 7, "model": "servizi.serviziolingua", "fields": {"nascosto": false, "attivo": true, "lingua": "it", "servizio": 4, "descrizione": "Meteo"}}, {"pk": 8, "model": "servizi.serviziolingua", "fields": {"nascosto": false, "attivo": true, "lingua": "en", "servizio": 4, "descrizione": "Weather"}}, {"pk": 9, "model": "servizi.serviziolingua", "fields": {"nascosto": false, "attivo": true, "lingua": "it", "servizio": 5, "descrizione": "Metropolitana"}}, {"pk": 10, "model": "servizi.serviziolingua", "fields": {"nascosto": false, "attivo": true, "lingua": "en", "servizio": 5, "descrizione": "Subway and railways"}}]