{"milestones":[],"attachments":[],"versions":[],"comments":[],"meta":{"default_milestone":null,"default_assignee":null,"default_kind":"bug","default_component":null,"default_version":null},"components":[],"issues":[{"status":"new","priority":"minor","kind":"bug","content_updated_on":null,"voters":[],"title":"[App] Punta fumetto verde","reporter":{"display_name":"Luca Allulli","account_id":"557058:a861d46c-4dd0-492b-98ae-092efe7e5f79"},"component":null,"watchers":[{"display_name":"Luca Allulli","account_id":"557058:a861d46c-4dd0-492b-98ae-092efe7e5f79"}],"content":"La punta del fumetto è ancora verde. Dovrebbe essere rossa.","assignee":{"display_name":"Luca Allulli","account_id":"557058:a861d46c-4dd0-492b-98ae-092efe7e5f79"},"created_on":"2017-10-25T19:47:38.128658+00:00","version":null,"edited_on":null,"milestone":null,"updated_on":"2017-10-25T19:47:38.128658+00:00","id":1},{"status":"new","priority":"major","kind":"bug","content_updated_on":null,"voters":[],"title":"Il popup \"Cerca percorso da qui\"... non sparisce","reporter":{"display_name":"Luca Allulli","account_id":"557058:a861d46c-4dd0-492b-98ae-092efe7e5f79"},"component":null,"watchers":[{"display_name":"Luca Allulli","account_id":"557058:a861d46c-4dd0-492b-98ae-092efe7e5f79"}],"content":"Sparisce sul sito da PC ma non da mobile","assignee":{"display_name":"Luca Allulli","account_id":"557058:a861d46c-4dd0-492b-98ae-092efe7e5f79"},"created_on":"2017-10-25T20:11:10.404408+00:00","version":null,"edited_on":null,"milestone":null,"updated_on":"2017-10-25T20:11:10.404408+00:00","id":2}],"logs":[]}