{"projects":[{"key":"RMS","name":"Roma Mobile Skeed","versions":[],"components":[],"template":"com.pyxis.greenhopper.jira:gh-simplified-kanban-classic","issues":[{"status":"Backlog","updated":"2017-10-25T19:47:38.128658+00:00","watchers":["557058:a861d46c-4dd0-492b-98ae-092efe7e5f79"],"description":"Imported from https:\/\/bitbucket.org\/lallulli\/roma-mobile-skeed\/issues\/1\/app-punta-fumetto-verde \n\n La punta del fumetto è ancora verde. Dovrebbe essere rossa.","reporter":"557058:a861d46c-4dd0-492b-98ae-092efe7e5f79","created":"2017-10-25T19:47:38.128658+00:00","summary":"[App] Punta fumetto verde","priority":"Low","assignee":"557058:a861d46c-4dd0-492b-98ae-092efe7e5f79","externalId":"Roma Mobile Skeed-1","issueType":"Bug"},{"status":"Backlog","updated":"2017-10-25T20:11:10.404408+00:00","watchers":["557058:a861d46c-4dd0-492b-98ae-092efe7e5f79"],"description":"Imported from https:\/\/bitbucket.org\/lallulli\/roma-mobile-skeed\/issues\/2\/il-popup-cerca-percorso-da-qui-non \n\n Sparisce sul sito da PC ma non da mobile","reporter":"557058:a861d46c-4dd0-492b-98ae-092efe7e5f79","created":"2017-10-25T20:11:10.404408+00:00","summary":"Il popup \"Cerca percorso da qui\"... non sparisce","priority":"Medium","assignee":"557058:a861d46c-4dd0-492b-98ae-092efe7e5f79","externalId":"Roma Mobile Skeed-2","issueType":"Bug"}],"description":"Issues exported from https:\/\/bitbucket.org\/lallulli\/roma-mobile-skeed"}]}